Ticker,Market,Sector,Rows,Ret_Mean%,Ret_Std%,Skewness,Kurtosis,Price_Min,Price_Max
0027.HK,China,retail,777,-0.0296,2.1047,-0.166,4.299,24.73,54.88
0700.HK,China,tech,777,0.0652,1.9442,-0.299,5.424,257.7,677.5
0728.HK,China,telecom,777,0.0474,1.5182,0.476,8.915,3.0,6.39
0762.HK,China,telecom,777,0.0584,1.895,0.348,11.504,4.03,10.29
0857.HK,China,oil_gas,777,0.136,1.8192,-0.79,8.554,4.03,11.14
0883.HK,China,oil_gas,777,0.1449,1.8291,-0.781,7.583,9.16,30.5
0941.HK,China,telecom,777,0.0518,0.9853,-0.003,4.295,51.91,88.85
1024.HK,China,software,777,0.031,3.1525,-0.005,3.721,37.9,91.85
1211.HK,China,ev,777,0.0811,2.3969,-0.128,3.824,55.76,153.37
1299.HK,China,insurance,777,0.0227,1.9668,-0.158,3.161,43.55,90.95
1398.HK,China,banking,777,0.1038,1.3467,0.075,2.735,2.87,7.03
1810.HK,China,hardware,777,0.1559,2.6078,-0.361,5.823,9.99,60.15
1928.HK,China,consumer_goods,777,-0.0295,2.3404,0.044,4.239,12.46,29.93
2015.HK,China,sportswear,777,0.015,3.4353,0.376,7.112,61.85,184.3
2313.HK,China,chemicals,777,-0.0227,2.4975,0.191,3.523,43.93,80.11
2318.HK,China,insurance,777,0.0628,2.332,0.051,5.63,26.32,73.45
2382.HK,China,electronics,777,0.0064,3.1528,-0.09,4.549,33.97,93.07
2600.HK,China,metals,777,0.1806,2.8845,-0.038,4.247,2.95,15.06
3690.HK,China,food_delivery,777,-0.0123,3.0152,0.274,3.797,62.55,213.4
3968.HK,China,banking,777,0.0677,2.0546,0.228,9.53,21.65,53.08
3988.HK,China,banking,777,0.1016,1.2713,-0.472,7.328,2.21,5.13
6618.HK,China,healthcare,777,0.0278,3.1797,-0.252,2.753,19.82,69.65
6690.HK,China,home_appliances,777,0.0154,2.1066,0.018,4.286,18.69,33.71
6862.HK,China,restaurants,777,0.0169,2.7447,0.527,5.661,10.67,20.73
9618.HK,China,ecommerce,777,0.0167,2.8301,0.193,3.596,81.58,183.67
9868.HK,China,ev,777,0.1472,4.2118,0.855,6.72,26.05,108.5
9888.HK,China,tech,777,0.0279,2.6817,0.359,3.958,75.5,160.5
9988.HK,China,ecommerce,777,0.0829,2.6632,0.483,6.714,65.13,185.1
9999.HK,China,ecommerce,777,0.0624,2.5267,-1.243,17.036,118.78,245.96
AAPL,US,tech,778,0.0767,1.5951,0.825,13.7,161.42,285.92
ADBE,US,software,778,-0.0336,2.0956,-0.855,10.468,225.35,634.76
ADYEN.AS,Europe,payments,778,0.0018,3.188,-0.301,60.173,630.8,1846.0
AIR.PA,Europe,aerospace,778,0.0622,1.5591,-0.342,4.182,116.56,220.2
AMZN,US,ecommerce,778,0.134,1.944,0.266,4.54,102.05,254.0
ASML,Europe,semiconductors,778,0.1405,2.5123,-0.21,5.659,558.53,1526.51
AXISBANK.NS,India,banking,778,0.0687,1.4194,0.015,3.422,857.58,1403.0
AZN.L,Europe,pharma,778,0.0404,1.4867,-0.067,8.273,9495.95,15542.0
BAC,US,banking,778,0.0951,1.5514,-0.274,6.122,23.67,56.93
BAJAJ-AUTO.NS,India,auto,778,0.1283,1.5337,-0.44,7.757,4004.32,12353.32
BAJAJFINSV.NS,India,financial_services,778,0.0514,1.4225,0.216,3.19,1315.73,2176.6
BAJFINANCE.NS,India,nbfc,778,0.0704,1.6311,0.111,3.304,582.23,1094.15
BARC.L,Europe,banking,778,0.1557,1.8794,-0.031,2.63,129.09,501.54
BHP.L,Europe,metals,778,0.0321,1.5243,0.065,1.211,1608.85,3046.43
BMW.DE,Europe,auto,778,0.0122,1.6983,-0.343,3.953,60.27,102.53
BNP.PA,Europe,banking,778,0.1014,1.591,-0.448,3.595,44.52,96.37
BP.L,Europe,oil_gas,778,0.0125,1.6149,-0.742,4.129,331.51,606.3
BRITANNIA.NS,India,fmcg,778,0.0476,1.2074,-0.207,3.872,4147.36,6362.67
COST,US,retail,778,0.1026,1.2168,-0.457,4.508,464.48,1070.99
CRM,US,software,778,0.0125,2.0666,-0.898,12.714,164.96,364.16
CVX,US,oil_gas,778,0.0359,1.3926,-0.78,4.591,127.45,211.15
DABUR.NS,India,fmcg,778,-0.008,1.2987,-0.161,3.03,410.45,654.07
DRREDDY.NS,India,pharma,778,0.0402,1.2799,-0.139,2.667,860.98,1403.59
DTE.DE,Europe,telecom,778,0.0553,1.2251,-0.706,7.163,16.87,33.74
ENEL.MI,Europe,energy,778,0.0974,1.1065,-0.534,5.698,4.73,10.19
GLEN.L,Europe,metals,778,0.0303,1.8994,-0.062,2.699,229.99,565.7
GOOGL,US,tech,778,0.1697,1.8067,0.15,4.816,102.86,343.45
GS,US,investment_banking,778,0.1555,1.7311,0.477,8.612,273.69,970.75
GSK.L,Europe,pharma,778,0.0574,1.4136,-0.014,6.174,1263.5,2267.82
HCLTECH.NS,India,it_services,778,0.0643,1.4432,-0.068,4.378,925.0,1908.19
HD,US,home_improvement,778,0.0389,1.3557,0.202,1.591,259.79,418.08
HDFCBANK.NS,India,banking,778,0.0075,1.2065,-0.765,5.945,673.6,1012.9
HDFCLIFE.NS,India,insurance,778,0.0303,1.4337,0.622,3.026,508.47,814.3
HINDUNILVR.NS,India,fmcg,778,-0.0023,1.1632,-0.166,5.476,2052.2,2939.45
HSBA.L,Europe,banking,778,0.1219,1.4338,-0.842,6.877,565.03,1397.51
ICICIBANK.NS,India,banking,778,0.0618,1.1306,0.014,4.542,864.25,1477.2
INFY.NS,India,it_services,778,0.028,1.4789,0.059,4.812,1122.01,1942.22
INGA.AS,Europe,banking,778,0.1331,1.4147,-0.156,4.248,8.8,25.36
INTC,US,semiconductors,778,0.1631,3.5047,0.2,8.715,18.13,68.5
ITC.NS,India,fmcg,778,-0.0081,1.1387,-0.477,8.43,287.7,476.59
JNJ,US,pharma,778,0.0652,1.0527,0.003,7.141,135.13,248.56
JPM,US,banking,778,0.1197,1.4059,0.065,9.619,125.24,332.91
JSWSTEEL.NS,India,metals,778,0.0834,1.5166,-0.181,2.729,681.95,1280.6
KO,US,beverages,778,0.0384,0.9346,0.128,2.823,48.65,81.0
KOTAKBANK.NS,India,banking,778,0.0115,1.3485,-0.417,10.062,308.65,453.24
LT.NS,India,infrastructure,778,0.0949,1.5617,-0.649,8.515,2123.91,4418.1
M&M.NS,India,auto,778,0.1444,1.7626,0.099,1.521,1177.08,3802.4
MA,US,payments,778,0.0529,1.2123,-0.542,6.104,358.65,596.25
MARUTI.NS,India,auto,778,0.068,1.3223,0.68,4.754,8219.78,17292.0
MBG.DE,Europe,auto,778,0.0134,1.5087,-0.117,2.343,40.09,61.12
MC.PA,Europe,luxury,778,-0.0479,1.8561,0.924,7.837,433.81,851.03
MCD,US,restaurants,778,0.0231,1.047,-0.199,2.989,232.19,339.17
META,US,tech,778,0.174,2.259,1.38,14.293,205.93,788.15
MS,US,investment_banking,778,0.1236,1.7552,0.183,7.101,64.92,191.62
MSFT,US,tech,778,0.063,1.4675,0.033,7.544,269.05,539.83
NESN.SW,Europe,fmcg,778,-0.0291,1.1048,0.655,9.625,71.0,108.88
NESTLEIND.NS,India,fmcg,778,0.039,1.1483,0.158,2.152,989.54,1355.93
NOVN.SW,Europe,pharma,778,0.0653,1.1212,-0.682,4.322,72.41,126.65
NTPC.NS,India,power,778,0.1309,1.5784,-0.877,13.406,154.09,425.84
NVDA,US,semiconductors,778,0.3007,3.0212,0.815,9.225,26.22,207.02
ONGC.NS,India,oil_gas,778,0.1088,1.7625,-0.654,13.032,132.09,307.87
OR.PA,Europe,consumer_goods,778,-0.006,1.4316,0.031,3.303,314.5,448.77
ORCL,US,software,778,0.1214,2.8953,2.542,33.658,90.46,325.76
PEP,US,beverages,778,-0.0005,1.1822,0.248,3.862,123.5,177.25
PFE,US,pharma,778,-0.0149,1.5142,0.25,2.346,20.13,33.97
PG,US,consumer_goods,778,0.0117,1.05,-0.374,2.508,132.82,173.84
PHIA.AS,Europe,electronics,778,0.0909,2.1412,3.383,55.93,15.12,28.66
POWERGRID.NS,India,power,778,0.1069,1.5959,-0.323,6.602,152.74,344.84
RELIANCE.NS,India,oil_gas,778,0.0395,1.2647,0.094,4.051,1070.96,1592.3
RIO.L,Europe,metals,778,0.0475,1.4714,-0.015,1.282,4114.94,7459.01
ROG.SW,Europe,pharma,778,0.0404,1.2843,0.069,5.875,201.09,362.89
SAN.PA,Europe,pharma,778,-0.0004,1.4811,-3.035,37.735,74.9,105.0
SAP,Europe,software,778,0.0647,1.7081,-0.716,10.53,122.13,311.93
SBIN.NS,India,banking,778,0.1057,1.4598,-0.717,15.263,511.0,1227.8
SHEL.L,Europe,oil_gas,778,0.0413,1.2583,-0.772,2.89,2218.05,3583.0
SIE.DE,Europe,industrial,778,0.0923,1.7938,-0.14,4.513,112.75,256.3
SUNPHARMA.NS,India,pharma,778,0.0762,1.1717,-0.103,1.53,900.15,1918.21
TATASTEEL.NS,India,metals,778,0.1115,1.7027,-0.315,3.758,97.08,215.52
TCS.NS,India,it_services,778,-0.0059,1.2808,0.249,4.048,2356.0,4311.58
TECHM.NS,India,it_services,778,0.0736,1.5398,0.022,2.262,908.35,1768.4
TMPV.NS,India,auto,130,-0.0451,1.9034,0.181,3.105,296.2,417.0
TSLA,US,ev,778,0.1639,3.6025,0.58,4.942,142.05,489.88
UBSG.SW,Europe,banking,778,0.1,1.6346,-0.493,4.405,15.65,38.17
ULVR.L,Europe,fmcg,778,-0.0039,1.0612,-0.125,7.166,3947.49,5471.59
UNH,US,healthcare,778,-0.0224,2.2576,-2.603,26.57,232.89,603.2
V,US,payments,778,0.0493,1.1895,-0.391,7.177,216.49,371.15
VOW3.DE,Europe,auto,778,-0.0009,1.5311,0.21,2.02,75.35,114.32
WFC,US,banking,778,0.1107,1.7525,0.265,6.695,34.27,95.92
WIPRO.NS,India,it_services,778,0.0347,1.5854,-0.096,3.759,168.75,305.02
WMT,US,retail,778,0.1333,1.2973,0.407,9.097,47.21,133.62
XOM,US,oil_gas,778,0.0521,1.4138,-0.419,1.57,89.7,171.47
